date,recommended,random,n_recommended,n_random
20220422,0.3587233749224512,0.08055461616503212,14507,14785
20220423,0.37776800923127646,0.08779761904761904,18199,31584
20220424,0.3467984529437043,0.07737534391135567,11635,26533
20220425,0.3485852529714947,0.07488469601677149,9507,23850
20220426,0.3485512669731637,0.07498786604109367,9353,24724
20220427,0.3427721463199647,0.07779933137975154,9076,24229
20220428,0.32493279569892475,0.07745068802453883,8928,23473
20220429,0.3464052287581699,0.07905033490284502,10251,30158
20220430,0.3685968819599109,0.08312374245472837,14368,39760
20220501,0.36,0.08128237507409221,14325,38803
20220502,0.354397204426325,0.08549954170485793,13736,54550
20220503,0.34782608695652173,0.08835272152807698,13363,69630
20220504,0.3431006493506494,0.0859070815890395,12320,68318
20220505,0.3269358775238518,0.08645695026044327,9014,58746
20220506,0.31849502351525755,0.09076226873690775,9143,62537
20220507,0.3324468085106383,0.08651638649635598,9024,64901
20220508,0.3544055944055944,0.08678812023626731,10725,72291
